<?xml version='1.0' encoding='UTF-8'?> <om:scenario xmlns:om="http://openmalaria.org/schema/scenario_47" xmlns:xsi="http://www.w3.org/2001/XMLSchema-instance" name="Vivax clinical illness" schemaVersion="47" xsi:schemaLocation="http://openmalaria.org/schema/scenario_47 scenario_47.xsd">   <!-- PNG 4p3longDur notJustPrimInf rel1&2p eir10 -->    <demography maximumAgeYrs="90" name="PNG" popSize="50000">   <!-- make popSize larger for the actual runs, smaller for testing -->   <!-- age-group for demography currently based on old Ethiopia data, but doesn't matter in any case since using fixed EIR rather than dynamic transmission -->     <ageGroup lowerbound="0.0">       <group poppercent="3.474714994" upperbound="1"/>       <group poppercent="12.76004028" upperbound="5"/>       <group poppercent="14.52151394" upperbound="10"/>       <group poppercent="12.75565434" upperbound="15"/>       <group poppercent="10.83632374" upperbound="20"/>       <group poppercent="8.393312454" upperbound="25"/>       <group poppercent="7.001421452" upperbound="30"/>       <group poppercent="5.800587654" upperbound="35"/>       <group poppercent="5.102136612" upperbound="40"/>       <group poppercent="4.182561874" upperbound="45"/>       <group poppercent="3.339409351" upperbound="50"/>       <group poppercent="2.986112356" upperbound="55"/>       <group poppercent="2.555766582" upperbound="60"/>       <group poppercent="2.332763433" upperbound="65"/>       <group poppercent="1.77400255" upperbound="70"/>       <group poppercent="1.008525491" upperbound="75"/>       <group poppercent="0.74167341" upperbound="80"/>       <group poppercent="0.271863401" upperbound="85"/>       <group poppercent="0.161614642" upperbound="90"/>     </ageGroup>   </demography>   <!-- monitoring outcomes: uncomplicated and severe episodes and number per age-group   -->   <monitoring name="Quarterly Surveys" startDate="1351-1-1">     <SurveyOptions>       <option name="nHost" value="true"/>       <option name="nInfect" value="false"/>       <option name="nExpectd" value="false"/>       <option name="nPatent" value="false"/>       <option name="totalInfs" value="false"/>      <!-- for vivax, totalInfs is the number of broods (?) -->       <option name="nTransmit" value="false"/>       <option name="totalPatentInf" value="false"/>       <!-- for vivax, totalPatentInf is the number of broods with an active blood stage -->       <option name="nTreatments1" value="true"/>       <option name="nTreatments2" value="true"/>       <option name="nTreatments3" value="true"/>       <option name="nUncomp" value="true"/>      <option name="nSevere" value="false"/>       <option name="nIndDeaths" value="false"/>       <option name="nDirDeaths" value="false"/>       <option name="annAvgK" value="false"/>       <option name="nLiverStageTreatments" value="false"/>       <option name="nTreatDiagnostics"/>     </SurveyOptions>     <surveys diagnostic="standard">       <surveyTime repeatStep="1y" repeatEnd="1371-1-11">1351-1-6</surveyTime>       <surveyTime repeatStep="1y" repeatEnd="1371-1-11">1351-4-6</surveyTime>       <surveyTime repeatStep="1y" repeatEnd="1371-1-11">1351-7-5</surveyTime>       <surveyTime repeatStep="1y" repeatEnd="1371-1-11">1351-10-3</surveyTime>     </surveys>     <ageGroup lowerbound="0.0">       <group upperbound="0.25"/>       <group upperbound="0.5"/>       <group upperbound="0.75"/>       <group upperbound="1"/>       <group upperbound="1.5"/>       <group upperbound="2"/>       <group upperbound="3"/>       <group upperbound="4"/>       <group upperbound="5"/>       <group upperbound="6"/>       <group upperbound="7"/>       <group upperbound="8"/>       <group upperbound="9"/>       <group upperbound="10"/>       <group upperbound="12"/>       <group upperbound="14"/>       <group upperbound="16"/>       <group upperbound="18"/>       <group upperbound="20"/>       <group upperbound="25"/>       <group upperbound="30"/>       <group upperbound="35"/>       <group upperbound="40"/>       <group upperbound="45"/>       <group upperbound="50"/>       <group upperbound="55"/>       <group upperbound="60"/>       <group upperbound="65"/>       <group upperbound="70"/>       <group upperbound="99"/>     </ageGroup>   </monitoring>  <interventions name="no interventions">     </interventions>   <healthSystem> <DecisionTree5Day name="vivax test">  <pSeekOfficialCareUncomplicated1 value="0.6"/>  <pSelfTreatUncomplicated value="0.0"/>  <pSeekOfficialCareUncomplicated2 value="0.6"/>  <pSeekOfficialCareSevere value="1.0"/>  <treeUCOfficial>    <treatSimple durationLiver="0" durationBlood="-1t"/>  </treeUCOfficial>  <treeUCSelfTreat>    <noTreatment/>  </treeUCSelfTreat>  <cureRateSevere value="1.0"/>  <treatmentSevere>    <clearInfections stage="blood" timesteps="-1t"/>  </treatmentSevere></DecisionTree5Day>     <CFR>       <!-- if CFR=1 then all severe cases result in death (no severe model) -->       <group lowerbound="0" value="1"/>     </CFR>     <pSequelaeInpatient>       <!-- no sequelae -->       <group lowerbound="0.0" value="0"/>     </pSequelaeInpatient>   </healthSystem>  <entomology mode="forced" name="R03Ilaita">   <nonVector eipDuration="10"> <EIRDaily origin="R03estimate">  0.0568633  </EIRDaily> <EIRDaily origin="R03estimate">  0.0568633  </EIRDaily> <EIRDaily origin="R03estimate">  0.0568633  </EIRDaily> <EIRDaily origin="R03estimate">  0.0568633  </EIRDaily> <EIRDaily origin="R03estimate">  0.0568633  </EIRDaily> <EIRDaily origin="R03estimate">  0.0568633  </EIRDaily> <EIRDaily origin="R03estimate">  0.0568633  </EIRDaily> <EIRDaily origin="R03estimate">  0.0568633  </EIRDaily> <EIRDaily origin="R03estimate">  0.0568633  </EIRDaily> <EIRDaily origin="R03estimate">  0.0568633  </EIRDaily> <EIRDaily origin="R03estimate">  0.0568633  </EIRDaily> <EIRDaily origin="R03estimate">  0.0568633  </EIRDaily> <EIRDaily origin="R03estimate">  0.0568633  </EIRDaily> <EIRDaily origin="R03estimate">  0.0568633  </EIRDaily> <EIRDaily origin="R03estimate">  0.0568633  </EIRDaily> <EIRDaily origin="R03estimate">  0.0568633  </EIRDaily> <EIRDaily origin="R03estimate">  0.0568633  </EIRDaily> <EIRDaily origin="R03estimate">  0.0568633  </EIRDaily> <EIRDaily origin="R03estimate">  0.0568633  </EIRDaily> <EIRDaily origin="R03estimate">  0.0568633  </EIRDaily> <EIRDaily origin="R03estimate">  0.0568633  </EIRDaily> <EIRDaily origin="R03estimate">  0.0568633  </EIRDaily> <EIRDaily origin="R03estimate">  0.0568633  </EIRDaily> <EIRDaily origin="R03estimate">  0.0568633  </EIRDaily> <EIRDaily origin="R03estimate">  0.0568633  </EIRDaily> <EIRDaily origin="R03estimate">  0.0568633  </EIRDaily> <EIRDaily origin="R03estimate">  0.0568633  </EIRDaily> <EIRDaily origin="R03estimate">  0.0568633  </EIRDaily> <EIRDaily origin="R03estimate">  0.0568633  </EIRDaily> <EIRDaily origin="R03estimate">  0.0568633  </EIRDaily> <EIRDaily origin="R03estimate">  0.0568633  </EIRDaily> <EIRDaily origin="R03estimate">  0.0568633  </EIRDaily> <EIRDaily origin="R03estimate">  0.0568633  </EIRDaily> <EIRDaily origin="R03estimate">  0.0568633  </EIRDaily> <EIRDaily origin="R03estimate">  0.0568633  </EIRDaily> <EIRDaily origin="R03estimate">  0.0568633  </EIRDaily> <EIRDaily origin="R03estimate">  0.0568633  </EIRDaily> <EIRDaily origin="R03estimate">  0.0568633  </EIRDaily> <EIRDaily origin="R03estimate">  0.0568633  </EIRDaily> <EIRDaily origin="R03estimate">  0.0568633  </EIRDaily> <EIRDaily origin="R03estimate">  0.0568633  </EIRDaily> <EIRDaily origin="R03estimate">  0.0568633  </EIRDaily> <EIRDaily origin="R03estimate">  0.0568633  </EIRDaily> <EIRDaily origin="R03estimate">  0.0568633  </EIRDaily> <EIRDaily origin="R03estimate">  0.0568633  </EIRDaily> <EIRDaily origin="R03estimate">  0.0568633  </EIRDaily> <EIRDaily origin="R03estimate">  0.0568633  </EIRDaily> <EIRDaily origin="R03estimate">  0.0568633  </EIRDaily> <EIRDaily origin="R03estimate">  0.0568633  </EIRDaily> <EIRDaily origin="R03estimate">  0.0568633  </EIRDaily> <EIRDaily origin="R03estimate">  0.0568633  </EIRDaily> <EIRDaily origin="R03estimate">  0.0568633  </EIRDaily> <EIRDaily origin="R03estimate">  0.0568633  </EIRDaily> <EIRDaily origin="R03estimate">  0.0568633  </EIRDaily> <EIRDaily origin="R03estimate">  0.0568633  </EIRDaily> <EIRDaily origin="R03estimate">  0.0568633  </EIRDaily> <EIRDaily origin="R03estimate">  0.0568633  </EIRDaily> <EIRDaily origin="R03estimate">  0.0568633  </EIRDaily> <EIRDaily origin="R03estimate">  0.0568633  </EIRDaily> <EIRDaily origin="R03estimate">  0.0568633  </EIRDaily> <EIRDaily origin="R03estimate">  0.0568633  </EIRDaily> <EIRDaily origin="R03estimate">  0.0391189  </EIRDaily> <EIRDaily origin="R03estimate">  0.0391189  </EIRDaily> <EIRDaily origin="R03estimate">  0.0391189  </EIRDaily> <EIRDaily origin="R03estimate">  0.0391189  </EIRDaily> <EIRDaily origin="R03estimate">  0.0391189  </EIRDaily> <EIRDaily origin="R03estimate">  0.0391189  </EIRDaily> <EIRDaily origin="R03estimate">  0.0391189  </EIRDaily> <EIRDaily origin="R03estimate">  0.0391189  </EIRDaily> <EIRDaily origin="R03estimate">  0.0391189  </EIRDaily> <EIRDaily origin="R03estimate">  0.0391189  </EIRDaily> <EIRDaily origin="R03estimate">  0.0391189  </EIRDaily> <EIRDaily origin="R03estimate">  0.0391189  </EIRDaily> <EIRDaily origin="R03estimate">  0.0391189  </EIRDaily> <EIRDaily origin="R03estimate">  0.0391189  </EIRDaily> <EIRDaily origin="R03estimate">  0.0391189  </EIRDaily> <EIRDaily origin="R03estimate">  0.0391189  </EIRDaily> <EIRDaily origin="R03estimate">  0.0391189  </EIRDaily> <EIRDaily origin="R03estimate">  0.0391189  </EIRDaily> <EIRDaily origin="R03estimate">  0.0391189  </EIRDaily> <EIRDaily origin="R03estimate">  0.0391189  </EIRDaily> <EIRDaily origin="R03estimate">  0.0391189  </EIRDaily> <EIRDaily origin="R03estimate">  0.0391189  </EIRDaily> <EIRDaily origin="R03estimate">  0.0391189  </EIRDaily> <EIRDaily origin="R03estimate">  0.0391189  </EIRDaily> <EIRDaily origin="R03estimate">  0.0391189  </EIRDaily> <EIRDaily origin="R03estimate">  0.0391189  </EIRDaily> <EIRDaily origin="R03estimate">  0.0391189  </EIRDaily> <EIRDaily origin="R03estimate">  0.0391189  </EIRDaily> <EIRDaily origin="R03estimate">  0.0391189  </EIRDaily> <EIRDaily origin="R03estimate">  0.0391189  </EIRDaily> <EIRDaily origin="R03estimate">  0.0391189  </EIRDaily> <EIRDaily origin="R03estimate">  0.0391189  </EIRDaily> <EIRDaily origin="R03estimate">  0.0391189  </EIRDaily> <EIRDaily origin="R03estimate">  0.0391189  </EIRDaily> <EIRDaily origin="R03estimate">  0.0391189  </EIRDaily> <EIRDaily origin="R03estimate">  0.0391189  </EIRDaily> <EIRDaily origin="R03estimate">  0.0391189  </EIRDaily> <EIRDaily origin="R03estimate">  0.0391189  </EIRDaily> <EIRDaily origin="R03estimate">  0.0391189  </EIRDaily> <EIRDaily origin="R03estimate">  0.0391189  </EIRDaily> <EIRDaily origin="R03estimate">  0.0391189  </EIRDaily> <EIRDaily origin="R03estimate">  0.0391189  </EIRDaily> <EIRDaily origin="R03estimate">  0.0391189  </EIRDaily> <EIRDaily origin="R03estimate">  0.0391189  </EIRDaily> <EIRDaily origin="R03estimate">  0.0391189  </EIRDaily> <EIRDaily origin="R03estimate">  0.0391189  </EIRDaily> <EIRDaily origin="R03estimate">  0.0391189  </EIRDaily> <EIRDaily origin="R03estimate">  0.0391189  </EIRDaily> <EIRDaily origin="R03estimate">  0.0391189  </EIRDaily> <EIRDaily origin="R03estimate">  0.0391189  </EIRDaily> <EIRDaily origin="R03estimate">  0.0391189  </EIRDaily> <EIRDaily origin="R03estimate">  0.0391189  </EIRDaily> <EIRDaily origin="R03estimate">  0.0391189  </EIRDaily> <EIRDaily origin="R03estimate">  0.0391189  </EIRDaily> <EIRDaily origin="R03estimate">  0.0391189  </EIRDaily> <EIRDaily origin="R03estimate">  0.0391189  </EIRDaily> <EIRDaily origin="R03estimate">  0.0391189  </EIRDaily> <EIRDaily origin="R03estimate">  0.0391189  </EIRDaily> <EIRDaily origin="R03estimate">  0.0391189  </EIRDaily> <EIRDaily origin="R03estimate">  0.0391189  </EIRDaily> <EIRDaily origin="R03estimate">  0.0391189  </EIRDaily> <EIRDaily origin="R03estimate">  0.0264658  </EIRDaily> <EIRDaily origin="R03estimate">  0.0264658  </EIRDaily> <EIRDaily origin="R03estimate">  0.0264658  </EIRDaily> <EIRDaily origin="R03estimate">  0.0264658  </EIRDaily> <EIRDaily origin="R03estimate">  0.0264658  </EIRDaily> <EIRDaily origin="R03estimate">  0.0264658  </EIRDaily> <EIRDaily origin="R03estimate">  0.0264658  </EIRDaily> <EIRDaily origin="R03estimate">  0.0264658  </EIRDaily> <EIRDaily origin="R03estimate">  0.0264658  </EIRDaily> <EIRDaily origin="R03estimate">  0.0264658  </EIRDaily> <EIRDaily origin="R03estimate">  0.0264658  </EIRDaily> <EIRDaily origin="R03estimate">  0.0264658  </EIRDaily> <EIRDaily origin="R03estimate">  0.0264658  </EIRDaily> <EIRDaily origin="R03estimate">  0.0264658  </EIRDaily> <EIRDaily origin="R03estimate">  0.0264658  </EIRDaily> <EIRDaily origin="R03estimate">  0.0264658  </EIRDaily> <EIRDaily origin="R03estimate">  0.0264658  </EIRDaily> <EIRDaily origin="R03estimate">  0.0264658  </EIRDaily> <EIRDaily origin="R03estimate">  0.0264658  </EIRDaily> <EIRDaily origin="R03estimate">  0.0264658  </EIRDaily> <EIRDaily origin="R03estimate">  0.0264658  </EIRDaily> <EIRDaily origin="R03estimate">  0.0264658  </EIRDaily> <EIRDaily origin="R03estimate">  0.0264658  </EIRDaily> <EIRDaily origin="R03estimate">  0.0264658  </EIRDaily> <EIRDaily origin="R03estimate">  0.0264658  </EIRDaily> <EIRDaily origin="R03estimate">  0.0264658  </EIRDaily> <EIRDaily origin="R03estimate">  0.0264658  </EIRDaily> <EIRDaily origin="R03estimate">  0.0264658  </EIRDaily> <EIRDaily origin="R03estimate">  0.0264658  </EIRDaily> <EIRDaily origin="R03estimate">  0.0264658  </EIRDaily> <EIRDaily origin="R03estimate">  0.0264658  </EIRDaily> <EIRDaily origin="R03estimate">  0.0264658  </EIRDaily> <EIRDaily origin="R03estimate">  0.0264658  </EIRDaily> <EIRDaily origin="R03estimate">  0.0264658  </EIRDaily> <EIRDaily origin="R03estimate">  0.0264658  </EIRDaily> <EIRDaily origin="R03estimate">  0.0264658  </EIRDaily> <EIRDaily origin="R03estimate">  0.0264658  </EIRDaily> <EIRDaily origin="R03estimate">  0.0264658  </EIRDaily> <EIRDaily origin="R03estimate">  0.0264658  </EIRDaily> <EIRDaily origin="R03estimate">  0.0264658  </EIRDaily> <EIRDaily origin="R03estimate">  0.0264658  </EIRDaily> <EIRDaily origin="R03estimate">  0.0264658  </EIRDaily> <EIRDaily origin="R03estimate">  0.0264658  </EIRDaily> <EIRDaily origin="R03estimate">  0.0264658  </EIRDaily> <EIRDaily origin="R03estimate">  0.0264658  </EIRDaily> <EIRDaily origin="R03estimate">  0.0264658  </EIRDaily> <EIRDaily origin="R03estimate">  0.0264658  </EIRDaily> <EIRDaily origin="R03estimate">  0.0264658  </EIRDaily> <EIRDaily origin="R03estimate">  0.0264658  </EIRDaily> <EIRDaily origin="R03estimate">  0.0264658  </EIRDaily> <EIRDaily origin="R03estimate">  0.0264658  </EIRDaily> <EIRDaily origin="R03estimate">  0.0264658  </EIRDaily> <EIRDaily origin="R03estimate">  0.0264658  </EIRDaily> <EIRDaily origin="R03estimate">  0.0264658  </EIRDaily> <EIRDaily origin="R03estimate">  0.0264658  </EIRDaily> <EIRDaily origin="R03estimate">  0.0264658  </EIRDaily> <EIRDaily origin="R03estimate">  0.0264658  </EIRDaily> <EIRDaily origin="R03estimate">  0.0264658  </EIRDaily> <EIRDaily origin="R03estimate">  0.0264658  </EIRDaily> <EIRDaily origin="R03estimate">  0.0264658  </EIRDaily> <EIRDaily origin="R03estimate">  0.0264658  </EIRDaily> <EIRDaily origin="R03estimate">  0.0211302  </EIRDaily> <EIRDaily origin="R03estimate">  0.0211302  </EIRDaily> <EIRDaily origin="R03estimate">  0.0211302  </EIRDaily> <EIRDaily origin="R03estimate">  0.0211302  </EIRDaily> <EIRDaily origin="R03estimate">  0.0211302  </EIRDaily> <EIRDaily origin="R03estimate">  0.0211302  </EIRDaily> <EIRDaily origin="R03estimate">  0.0211302  </EIRDaily> <EIRDaily origin="R03estimate">  0.0211302  </EIRDaily> <EIRDaily origin="R03estimate">  0.0211302  </EIRDaily> <EIRDaily origin="R03estimate">  0.0211302  </EIRDaily> <EIRDaily origin="R03estimate">  0.0211302  </EIRDaily> <EIRDaily origin="R03estimate">  0.0211302  </EIRDaily> <EIRDaily origin="R03estimate">  0.0211302  </EIRDaily> <EIRDaily origin="R03estimate">  0.0211302  </EIRDaily> <EIRDaily origin="R03estimate">  0.0211302  </EIRDaily> <EIRDaily origin="R03estimate">  0.0211302  </EIRDaily> <EIRDaily origin="R03estimate">  0.0211302  </EIRDaily> <EIRDaily origin="R03estimate">  0.0211302  </EIRDaily> <EIRDaily origin="R03estimate">  0.0211302  </EIRDaily> <EIRDaily origin="R03estimate">  0.0211302  </EIRDaily> <EIRDaily origin="R03estimate">  0.0211302  </EIRDaily> <EIRDaily origin="R03estimate">  0.0211302  </EIRDaily> <EIRDaily origin="R03estimate">  0.0211302  </EIRDaily> <EIRDaily origin="R03estimate">  0.0211302  </EIRDaily> <EIRDaily origin="R03estimate">  0.0211302  </EIRDaily> <EIRDaily origin="R03estimate">  0.0211302  </EIRDaily> <EIRDaily origin="R03estimate">  0.0211302  </EIRDaily> <EIRDaily origin="R03estimate">  0.0211302  </EIRDaily> <EIRDaily origin="R03estimate">  0.0211302  </EIRDaily> <EIRDaily origin="R03estimate">  0.0211302  </EIRDaily> <EIRDaily origin="R03estimate">  0.0211302  </EIRDaily> <EIRDaily origin="R03estimate">  0.0211302  </EIRDaily> <EIRDaily origin="R03estimate">  0.0211302  </EIRDaily> <EIRDaily origin="R03estimate">  0.0211302  </EIRDaily> <EIRDaily origin="R03estimate">  0.0211302  </EIRDaily> <EIRDaily origin="R03estimate">  0.0211302  </EIRDaily> <EIRDaily origin="R03estimate">  0.0211302  </EIRDaily> <EIRDaily origin="R03estimate">  0.0211302  </EIRDaily> <EIRDaily origin="R03estimate">  0.0211302  </EIRDaily> <EIRDaily origin="R03estimate">  0.0211302  </EIRDaily> <EIRDaily origin="R03estimate">  0.0211302  </EIRDaily> <EIRDaily origin="R03estimate">  0.0211302  </EIRDaily> <EIRDaily origin="R03estimate">  0.0211302  </EIRDaily> <EIRDaily origin="R03estimate">  0.0211302  </EIRDaily> <EIRDaily origin="R03estimate">  0.0211302  </EIRDaily> <EIRDaily origin="R03estimate">  0.0211302  </EIRDaily> <EIRDaily origin="R03estimate">  0.0211302  </EIRDaily> <EIRDaily origin="R03estimate">  0.0211302  </EIRDaily> <EIRDaily origin="R03estimate">  0.0211302  </EIRDaily> <EIRDaily origin="R03estimate">  0.0211302  </EIRDaily> <EIRDaily origin="R03estimate">  0.0211302  </EIRDaily> <EIRDaily origin="R03estimate">  0.0211302  </EIRDaily> <EIRDaily origin="R03estimate">  0.0211302  </EIRDaily> <EIRDaily origin="R03estimate">  0.0211302  </EIRDaily> <EIRDaily origin="R03estimate">  0.0211302  </EIRDaily> <EIRDaily origin="R03estimate">  0.0211302  </EIRDaily> <EIRDaily origin="R03estimate">  0.0211302  </EIRDaily> <EIRDaily origin="R03estimate">  0.0211302  </EIRDaily> <EIRDaily origin="R03estimate">  0.0211302  </EIRDaily> <EIRDaily origin="R03estimate">  0.0211302  </EIRDaily> <EIRDaily origin="R03estimate">  0.0211302  </EIRDaily> <EIRDaily origin="R03estimate">  0.0190838  </EIRDaily> <EIRDaily origin="R03estimate">  0.0190838  </EIRDaily> <EIRDaily origin="R03estimate">  0.0190838  </EIRDaily> <EIRDaily origin="R03estimate">  0.0190838  </EIRDaily> <EIRDaily origin="R03estimate">  0.0190838  </EIRDaily> <EIRDaily origin="R03estimate">  0.0190838  </EIRDaily> <EIRDaily origin="R03estimate">  0.0190838  </EIRDaily> <EIRDaily origin="R03estimate">  0.0190838  </EIRDaily> <EIRDaily origin="R03estimate">  0.0190838  </EIRDaily> <EIRDaily origin="R03estimate">  0.0190838  </EIRDaily> <EIRDaily origin="R03estimate">  0.0190838  </EIRDaily> <EIRDaily origin="R03estimate">  0.0190838  </EIRDaily> <EIRDaily origin="R03estimate">  0.0190838  </EIRDaily> <EIRDaily origin="R03estimate">  0.0190838  </EIRDaily> <EIRDaily origin="R03estimate">  0.0190838  </EIRDaily> <EIRDaily origin="R03estimate">  0.0190838  </EIRDaily> <EIRDaily origin="R03estimate">  0.0190838  </EIRDaily> <EIRDaily origin="R03estimate">  0.0190838  </EIRDaily> <EIRDaily origin="R03estimate">  0.0190838  </EIRDaily> <EIRDaily origin="R03estimate">  0.0190838  </EIRDaily> <EIRDaily origin="R03estimate">  0.0190838  </EIRDaily> <EIRDaily origin="R03estimate">  0.0190838  </EIRDaily> <EIRDaily origin="R03estimate">  0.0190838  </EIRDaily> <EIRDaily origin="R03estimate">  0.0190838  </EIRDaily> <EIRDaily origin="R03estimate">  0.0190838  </EIRDaily> <EIRDaily origin="R03estimate">  0.0190838  </EIRDaily> <EIRDaily origin="R03estimate">  0.0190838  </EIRDaily> <EIRDaily origin="R03estimate">  0.0190838  </EIRDaily> <EIRDaily origin="R03estimate">  0.0190838  </EIRDaily> <EIRDaily origin="R03estimate">  0.0190838  </EIRDaily> <EIRDaily origin="R03estimate">  0.0190838  </EIRDaily> <EIRDaily origin="R03estimate">  0.0190838  </EIRDaily> <EIRDaily origin="R03estimate">  0.0190838  </EIRDaily> <EIRDaily origin="R03estimate">  0.0190838  </EIRDaily> <EIRDaily origin="R03estimate">  0.0190838  </EIRDaily> <EIRDaily origin="R03estimate">  0.0190838  </EIRDaily> <EIRDaily origin="R03estimate">  0.0190838  </EIRDaily> <EIRDaily origin="R03estimate">  0.0190838  </EIRDaily> <EIRDaily origin="R03estimate">  0.0190838  </EIRDaily> <EIRDaily origin="R03estimate">  0.0190838  </EIRDaily> <EIRDaily origin="R03estimate">  0.0190838  </EIRDaily> <EIRDaily origin="R03estimate">  0.0190838  </EIRDaily> <EIRDaily origin="R03estimate">  0.0190838  </EIRDaily> <EIRDaily origin="R03estimate">  0.0190838  </EIRDaily> <EIRDaily origin="R03estimate">  0.0190838  </EIRDaily> <EIRDaily origin="R03estimate">  0.0190838  </EIRDaily> <EIRDaily origin="R03estimate">  0.0190838  </EIRDaily> <EIRDaily origin="R03estimate">  0.0190838  </EIRDaily> <EIRDaily origin="R03estimate">  0.0190838  </EIRDaily> <EIRDaily origin="R03estimate">  0.0190838  </EIRDaily> <EIRDaily origin="R03estimate">  0.0190838  </EIRDaily> <EIRDaily origin="R03estimate">  0.0190838  </EIRDaily> <EIRDaily origin="R03estimate">  0.0190838  </EIRDaily> <EIRDaily origin="R03estimate">  0.0190838  </EIRDaily> <EIRDaily origin="R03estimate">  0.0190838  </EIRDaily> <EIRDaily origin="R03estimate">  0.0190838  </EIRDaily> <EIRDaily origin="R03estimate">  0.0190838  </EIRDaily> <EIRDaily origin="R03estimate">  0.0190838  </EIRDaily> <EIRDaily origin="R03estimate">  0.0190838  </EIRDaily> <EIRDaily origin="R03estimate">  0.0190838  </EIRDaily> <EIRDaily origin="R03estimate">  0.0190838  </EIRDaily> <EIRDaily origin="R03estimate">  0.0346269  </EIRDaily> <EIRDaily origin="R03estimate">  0.0346269  </EIRDaily> <EIRDaily origin="R03estimate">  0.0346269  </EIRDaily> <EIRDaily origin="R03estimate">  0.0346269  </EIRDaily> <EIRDaily origin="R03estimate">  0.0346269  </EIRDaily> <EIRDaily origin="R03estimate">  0.0346269  </EIRDaily> <EIRDaily origin="R03estimate">  0.0346269  </EIRDaily> <EIRDaily origin="R03estimate">  0.0346269  </EIRDaily> <EIRDaily origin="R03estimate">  0.0346269  </EIRDaily> <EIRDaily origin="R03estimate">  0.0346269  </EIRDaily> <EIRDaily origin="R03estimate">  0.0346269  </EIRDaily> <EIRDaily origin="R03estimate">  0.0346269  </EIRDaily> <EIRDaily origin="R03estimate">  0.0346269  </EIRDaily> <EIRDaily origin="R03estimate">  0.0346269  </EIRDaily> <EIRDaily origin="R03estimate">  0.0346269  </EIRDaily> <EIRDaily origin="R03estimate">  0.0346269  </EIRDaily> <EIRDaily origin="R03estimate">  0.0346269  </EIRDaily> <EIRDaily origin="R03estimate">  0.0346269  </EIRDaily> <EIRDaily origin="R03estimate">  0.0346269  </EIRDaily> <EIRDaily origin="R03estimate">  0.0346269  </EIRDaily> <EIRDaily origin="R03estimate">  0.0346269  </EIRDaily> <EIRDaily origin="R03estimate">  0.0346269  </EIRDaily> <EIRDaily origin="R03estimate">  0.0346269  </EIRDaily> <EIRDaily origin="R03estimate">  0.0346269  </EIRDaily> <EIRDaily origin="R03estimate">  0.0346269  </EIRDaily> <EIRDaily origin="R03estimate">  0.0346269  </EIRDaily> <EIRDaily origin="R03estimate">  0.0346269  </EIRDaily> <EIRDaily origin="R03estimate">  0.0346269  </EIRDaily> <EIRDaily origin="R03estimate">  0.0346269  </EIRDaily> <EIRDaily origin="R03estimate">  0.0346269  </EIRDaily> <EIRDaily origin="R03estimate">  0.0346269  </EIRDaily> <EIRDaily origin="R03estimate">  0.0346269  </EIRDaily> <EIRDaily origin="R03estimate">  0.0346269  </EIRDaily> <EIRDaily origin="R03estimate">  0.0346269  </EIRDaily> <EIRDaily origin="R03estimate">  0.0346269  </EIRDaily> <EIRDaily origin="R03estimate">  0.0346269  </EIRDaily> <EIRDaily origin="R03estimate">  0.0346269  </EIRDaily> <EIRDaily origin="R03estimate">  0.0346269  </EIRDaily> <EIRDaily origin="R03estimate">  0.0346269  </EIRDaily> <EIRDaily origin="R03estimate">  0.0346269  </EIRDaily> <EIRDaily origin="R03estimate">  0.0346269  </EIRDaily> <EIRDaily origin="R03estimate">  0.0346269  </EIRDaily> <EIRDaily origin="R03estimate">  0.0346269  </EIRDaily> <EIRDaily origin="R03estimate">  0.0346269  </EIRDaily> <EIRDaily origin="R03estimate">  0.0346269  </EIRDaily> <EIRDaily origin="R03estimate">  0.0346269  </EIRDaily> <EIRDaily origin="R03estimate">  0.0346269  </EIRDaily> <EIRDaily origin="R03estimate">  0.0346269  </EIRDaily> <EIRDaily origin="R03estimate">  0.0346269  </EIRDaily> <EIRDaily origin="R03estimate">  0.0346269  </EIRDaily> <EIRDaily origin="R03estimate">  0.0346269  </EIRDaily> <EIRDaily origin="R03estimate">  0.0346269  </EIRDaily> <EIRDaily origin="R03estimate">  0.0346269  </EIRDaily> <EIRDaily origin="R03estimate">  0.0346269  </EIRDaily> <EIRDaily origin="R03estimate">  0.0346269  </EIRDaily> <EIRDaily origin="R03estimate">  0.0346269  </EIRDaily> <EIRDaily origin="R03estimate">  0.0346269  </EIRDaily> <EIRDaily origin="R03estimate">  0.0346269  </EIRDaily> <EIRDaily origin="R03estimate">  0.0346269  </EIRDaily> <EIRDaily origin="R03estimate">  0.0346269  </EIRDaily>     </nonVector>   </entomology>   <diagnostics>     <!-- diagnostic currently irrelevant for vivax in any case -->     <diagnostic name="standard" units="Other">       <deterministic minDensity="40"/>     </diagnostic>     <diagnostic name="neonatal" units="Other">       <deterministic minDensity="40"/>     </diagnostic>   </diagnostics>   <model>     <ModelOptions>       <option name="VIVAX_SIMPLE_MODEL" value="true"/>       <option name="NON_MALARIA_FEVERS" value="false"/>     <option name="LOGNORMAL_MASS_ACTION" value="true" />     </ModelOptions>     <clinical healthSystemMemory="6t">       <NeonatalMortality diagnostic="neonatal"/>   <!--    <NonMalariaFevers>         <incidence>           <group lowerbound="0" value="0.322769924518357"/>           <group lowerbound="0" value="0.308520194304172"/>           <group lowerbound="1" value="0.279441774808493"/>           <group lowerbound="2" value="0.250431781111273"/>           <group lowerbound="3" value="0.223285859756841"/>           <group lowerbound="4" value="0.199298352451799"/>           <group lowerbound="5" value="0.179376872365614"/>           <group lowerbound="6" value="0.163623659390782"/>           <group lowerbound="7" value="0.152227726923469"/>           <group lowerbound="8" value="0.145022785567758"/>           <group lowerbound="9" value="0.141493087461765"/>           <group lowerbound="10" value="0.140473293219353"/>           <group lowerbound="11" value="0.141109775159515"/>           <group lowerbound="12" value="0.142644475217328"/>           <group lowerbound="13" value="0.144335079395766"/>           <group lowerbound="14" value="0.145964032924869"/>           <group lowerbound="15" value="0.147708915135714"/>           <group lowerbound="16" value="0.149731543445568"/>           <group lowerbound="17" value="0.151887428568276"/>           <group lowerbound="18" value="0.154060663485195"/>           <group lowerbound="19" value="0.156179169710494"/>           <group lowerbound="20" value="0.158135015380583"/>           <group lowerbound="21" value="0.159704766482219"/>           <group lowerbound="22" value="0.160807788387655"/>           <group lowerbound="23" value="0.161427976448279"/>           <group lowerbound="24" value="0.161620429119137"/>           <group lowerbound="25" value="0.16144021875986"/>           <group lowerbound="26" value="0.160943264630612"/>           <group lowerbound="27" value="0.160217573697398"/>           <group lowerbound="28" value="0.159422614374451"/>           <group lowerbound="29" value="0.158542519631641"/>           <group lowerbound="30" value="0.157501217628248"/>           <group lowerbound="31" value="0.156175160594841"/>           <group lowerbound="32" value="0.154402302191411"/>           <group lowerbound="33" value="0.152102040636481"/>           <group lowerbound="34" value="0.14921450014676"/>           <group lowerbound="35" value="0.145714433541659"/>           <group lowerbound="36" value="0.141800502067518"/>           <group lowerbound="37" value="0.137916853907569"/>           <group lowerbound="38" value="0.134503529382102"/>           <group lowerbound="39" value="0.131746276580642"/>           <group lowerbound="40" value="0.12969902537497"/>           <group lowerbound="41" value="0.128398077347679"/>           <group lowerbound="42" value="0.127864136551891"/>           <group lowerbound="43" value="0.12804497197004"/>           <group lowerbound="44" value="0.128894055047661"/>           <group lowerbound="45" value="0.130350838992718"/>           <group lowerbound="46" value="0.132286605622701"/>           <group lowerbound="47" value="0.134599921072495"/>           <group lowerbound="48" value="0.137212726976988"/>           <group lowerbound="49" value="0.140035253913284"/>           <group lowerbound="50" value="0.142934573453621"/>           <group lowerbound="51" value="0.145830221511879"/>           <group lowerbound="52" value="0.148674810561069"/>           <group lowerbound="53" value="0.151497963594518"/>           <group lowerbound="54" value="0.15438856687865"/>           <group lowerbound="55" value="0.157403790093505"/>           <group lowerbound="56" value="0.16059513222516"/>           <group lowerbound="57" value="0.16402433342886"/>           <group lowerbound="58" value="0.16770481415944"/>           <group lowerbound="59" value="0.171626873047865"/>           <group lowerbound="60" value="0.175748327054247"/>           <group lowerbound="61" value="0.180030857856799"/>           <group lowerbound="62" value="0.184411365583771"/>           <group lowerbound="63" value="0.188816421789366"/>           <group lowerbound="64" value="0.19316997803338"/>           <group lowerbound="65" value="0.197435603275487"/>           <group lowerbound="66" value="0.201578808813379"/>           <group lowerbound="67" value="0.205556806881398"/>           <group lowerbound="68" value="0.209307183457343"/>           <group lowerbound="69" value="0.212783260344084"/>           <group lowerbound="70" value="0.215944154621391"/>           <group lowerbound="71" value="0.218749275266548"/>           <group lowerbound="72" value="0.221187990639016"/>           <group lowerbound="73" value="0.223361260399378"/>           <group lowerbound="74" value="0.225363436789592"/>           <group lowerbound="75" value="0.227254280093211"/>           <group lowerbound="76" value="0.229084576349576"/>           <group lowerbound="77" value="0.230891971097789"/>           <group lowerbound="78" value="0.232690225166173"/>           <group lowerbound="79" value="0.234484973338876"/>           <group lowerbound="80" value="0.236276361586796"/>           <group lowerbound="81" value="0.238064394629696"/>           <group lowerbound="82" value="0.239849077182917"/>           <group lowerbound="83" value="0.241630413957381"/>           <group lowerbound="84" value="0.243408409659591"/>           <group lowerbound="85" value="0.245183068991633"/>           <group lowerbound="86" value="0.246954396651183"/>           <group lowerbound="87" value="0.248722397331501"/>           <group lowerbound="88" value="0.250487075721441"/>           <group lowerbound="89" value="0.252248436505447"/>           <group lowerbound="90" value="0.253127874257909"/>         </incidence>       </NonMalariaFevers> -->     </clinical>     <human>       <availabilityToMosquitoes>         <group lowerbound="0.0" value="0.225940909648"/>         <group lowerbound="1.0" value="0.286173633441"/>         <group lowerbound="2.0" value="0.336898395722"/>         <group lowerbound="3.0" value="0.370989854675"/>         <group lowerbound="4.0" value="0.403114915112"/>         <group lowerbound="5.0" value="0.442585112522"/>         <group lowerbound="6.0" value="0.473839351511"/>         <group lowerbound="7.0" value="0.512630464378"/>         <group lowerbound="8.0" value="0.54487872702"/>         <group lowerbound="9.0" value="0.581527755812"/>         <group lowerbound="10.0" value="0.630257580698"/>         <group lowerbound="11.0" value="0.663063362714"/>         <group lowerbound="12.0" value="0.702417432755"/>         <group lowerbound="13.0" value="0.734605377277"/>         <group lowerbound="14.0" value="0.788908765653"/>         <group lowerbound="15.0" value="0.839587932303"/>         <group lowerbound="20.0" value="1.0"/>         <group lowerbound="20.0" value="1.0"/>       </availabilityToMosquitoes>     </human>     <vivax>       <!-- parameter values  -->       <probBloodStageInfectiousToMosq value="0.25"/>       <hypnozoiteRelease>         <numberHypnozoites max="15" base="0.846"/>         <!-- relapse pattern -->         <firstReleaseDays mean="208.85" CV="1.36" distr="lognormal" latentRelapse="15"/>       </hypnozoiteRelease>       <bloodStageProtectionLatency value="20"/>       <!-- blood-stage duration Weibull distribution -->       <bloodStageLengthDays scale="86.5" shape="3.184" distr="weibull"/>       <clinicalEvents>         <!-- parameter values for probability of clinical illness -->         <pPrimaryInfection a="0.414" b="0.0896" />        <pRelapseOne a="0.181" b="0.0896"/>         <pRelapseTwoPlus a="0.181" b="0.0896"/>         <!-- probability of a clinical event being severe -->         <pEventIsSevere value="0.001"/> 		<vivaxClinOption>B1j</vivaxClinOption>       </clinicalEvents>     </vivax>     <parameters interval="5" iseed="0" latentp="10d">       <!-- run id=65 modelversion= 80    parameterization id=242494 sampling date=2009-10-27 -->      <parameter include="false" name="        '-ln(1-Sinf)'   " number="1" value="0.050736"/>       <parameter include="false" name="        Estar   " number="2" value="0.03247"/>        <parameter include="false" name="        Simm    " number="3" value="0.192453"/>       <parameter include="false" name="        Xstar_p " number="4" value="1011.390035"/>      <parameter include="false" name="        gamma_p " number="5" value="1.779623"/>      <parameter include="false" name="        sigma2i " number="16" value="0.3"/>       <!-- log odds 0 implies community CFR equals hospital CFR -->       <parameter include="false" name="        log oddsr CF community  " number="17" value="0"/>     <parameter include="false" name="        Non-malaria infant mortality    " number="19" value="55.704645"/>    </parameters>   </model> </om:scenario> 